,node_1_attributes,node_2_attributes,node_1,node_2,edge,chunk_id,count,Expert Answer,Short Justification,<- Fill the Answers in these columns
0,"{'is_active_ingredient': False, 'explanation': 'X1, X2, and X3 are placeholder variables representing atoms in a chemical structure, not active ingredients themselves.', 'category': 'chemical_compound'}","{'is_active_ingredient': False, 'explanation': 'R1, R2, R3, and R4 are placeholder variables representing substituents in a chemical structure, not active ingredients themselves.', 'category': 'chemical_compound'}","x1, x2, x3","r1, r2, r3, r4",related to,99e23d8937b44c9ba5218ea18f54ccab,4,,,
1,"{'is_active_ingredient': False, 'explanation': 'R1-R2, R2-R3 and R3-R4 pairs are placeholders representing fused chemical groups, not active ingredients.', 'category': 'chemical_compound'}","{'is_active_ingredient': False, 'explanation': 'phenyl and 6-membered heterocycle are chemical structures which may be part of an active ingredient but are not active ingredients by themselves.', 'category': 'chemical_compound'}","r1-r2, r2-r3, r3-r4 pairs",phenyl or 6-membered heterocycle,may form,99e23d8937b44c9ba5218ea18f54ccab,4,,,
2,"{'is_active_ingredient': False, 'explanation': 'R5, R6, R7, and R8 are placeholder variables representing substituents in a chemical structure, not active ingredients themselves.', 'category': 'chemical_compound'}","{'is_active_ingredient': False, 'explanation': 'Hydrogen, unsubstituted or substituted C1-C4 alkyl, C1-C4 alkoxy, halogen, cyano, nitro, and amino are chemical groups that can be part of an active ingredient but are not active ingredients by themselves.', 'category': 'functional_group'}","r5, r6, r7, r8","hydrogen, c1-c4 alkyl, c1-c4 alkoxy, halogen, cyano, nitro, amino",selected from,99e23d8937b44c9ba5218ea18f54ccab,4,,,
3,"{'is_active_ingredient': False, 'explanation': 'L is a placeholder representing a functional group in a chemical structure, not an active ingredient itself.', 'category': 'functional_group'}","{'is_active_ingredient': False, 'explanation': 'Carbonyl group (-C(=O)-) and thioxo group (-C(=S)-) are functional groups that can be part of an active ingredient but are not active ingredients by themselves.', 'category': 'functional_group'}",l,"carbonyl group (-c(=o)-), thioxo group (-c(=s)-)",may be,99e23d8937b44c9ba5218ea18f54ccab,4,,,
4,"{'is_active_ingredient': True, 'explanation': 'The compound described in claim 1 is likely an active ingredient due to its detailed chemical description and mention as a pharmaceutically acceptable salt.', 'category': 'active_ingredient'}","{'is_active_ingredient': False, 'explanation': 'The detailed chemical name represents the structure of compound 1, which is used to identify it but does not itself indicate an active ingredient.', 'category': 'chemical_compound'}",compound 1,"(3,5-dibromo-4-hydroxy-phenyl)-(2,3-dihydro-pyrido[2,3-b][1,4]oxazin-1-yl)-methanone (compound 1)",hasFormula,99e23d8937b44c9ba5218ea18f54ccab,4,,,
5,"{'is_active_ingredient': False, 'explanation': 'Compound 1 is mentioned in a list of chemical compounds, but there is no specific indication that it is an active ingredient.', 'category': 'chemical_compound'}","{'is_active_ingredient': False, 'explanation': 'The chemical formula of Compound 1 is provided, but there is no information in the context suggesting it is an active ingredient.', 'category': 'chemical_compound'}",compound 1,"(3,5-dibromo-4-hydroxy-phenyl)-(2,3-dihydro-pyrido[2,3-b][1,4]oxazin-1-yl)-methanone",hasFormula,a93526cdd2b54a9d83230080a1e92b6a,4,,,
6,"{'is_active_ingredient': False, 'explanation': 'Compound 2 is mentioned in a list of chemical compounds, but there is no specific indication that it is an active ingredient.', 'category': 'chemical_compound'}","{'is_active_ingredient': False, 'explanation': 'The chemical formula of Compound 2 is provided, but there is no information in the context suggesting it is an active ingredient.', 'category': 'chemical_compound'}",compound 2,"(3,5-dibromo-4-methoxy-phenyl)-(2,3-dihydro-pyrido[4,3-b][1,4]oxazin-4-yl)-methanone",hasFormula,a93526cdd2b54a9d83230080a1e92b6a,4,,,
7,"{'is_active_ingredient': False, 'explanation': 'Compound 3 is mentioned in a list of chemical compounds, but there is no specific indication that it is an active ingredient.', 'category': 'chemical_compound'}","{'is_active_ingredient': False, 'explanation': 'The chemical formula of Compound 3 is provided, but there is no information in the context suggesting it is an active ingredient.', 'category': 'chemical_compound'}",compound 3,"(3,5-dibromo-4-hydroxy-phenyl)-(2,3-dihydro-pyrido[4,3-b][1,4]oxazin-4-yl)-methanone hydrobromic acid salt",hasFormula,a93526cdd2b54a9d83230080a1e92b6a,4,,,
8,"{'is_active_ingredient': False, 'explanation': 'Compound 4 is mentioned in a list of chemical compounds, but there is no specific indication that it is an active ingredient.', 'category': 'chemical_compound'}","{'is_active_ingredient': False, 'explanation': 'The chemical formula of Compound 4 is provided, but there is no information in the context suggesting it is an active ingredient.', 'category': 'chemical_compound'}",compound 4,"(3,5-dibromo-4-hydroxy-phenyl)-(2,3-dihydro-pyrido[4,3-b][1,4]oxazin-4-yl)-methanone",hasFormula,a93526cdd2b54a9d83230080a1e92b6a,4,,,
9,"{'is_active_ingredient': False, 'explanation': 'Compound 5 is mentioned in a list of chemical compounds, but there is no specific indication that it is an active ingredient.', 'category': 'chemical_compound'}","{'is_active_ingredient': False, 'explanation': 'The chemical formula of Compound 5 is provided, but there is no information in the context suggesting it is an active ingredient.', 'category': 'chemical_compound'}",compound 5,"(3,5-dibromo-4-methoxy-phenyl)-(2,3-dihydro-pyrido[3,4-b][1,4]oxazin-1-yl)-methanone",hasFormula,a93526cdd2b54a9d83230080a1e92b6a,4,,,
10,"{'is_active_ingredient': False, 'explanation': 'Compound 6 is mentioned in a list of chemical compounds, but there is no specific indication that it is an active ingredient.', 'category': 'chemical_compound'}","{'is_active_ingredient': False, 'explanation': 'The chemical formula of Compound 6 is provided, but there is no information in the context suggesting it is an active ingredient.', 'category': 'chemical_compound'}",compound 6,"(3,5-dibromo-4-hydroxy-phenyl)-(2,3-dihydro-pyrido[3,4-b][1,4]oxazin-1-yl)-methanone",hasFormula,a93526cdd2b54a9d83230080a1e92b6a,4,,,
11,"{'is_active_ingredient': False, 'explanation': 'Compound 7 is mentioned in a list of chemical compounds, but there is no specific indication that it is an active ingredient.', 'category': 'chemical_compound'}","{'is_active_ingredient': False, 'explanation': 'The chemical formula of Compound 7 is provided, but there is no information in the context suggesting it is an active ingredient.', 'category': 'chemical_compound'}",compound 7,"(3,5-dibromo-4-hydroxy-phenyl)-(6-methyl-2,3-dihydro-pyrido[2,3-b][1,4]oxazin-1-yl)-methanone",hasFormula,a93526cdd2b54a9d83230080a1e92b6a,4,,,
12,"{'is_active_ingredient': False, 'explanation': 'Compound 8 is mentioned in a list of chemical compounds, but there is no specific indication that it is an active ingredient.', 'category': 'chemical_compound'}","{'is_active_ingredient': False, 'explanation': 'The chemical formula of Compound 8 is provided, but there is no information in the context suggesting it is an active ingredient.', 'category': 'chemical_compound'}",compound 8,"(3,5-dibromo-4-hydroxy-phenyl)-(2,2-dimethyl-2,3-dihydro-pyrido[4,3-b][1,4]oxazin-4-yl)-methanone",hasFormula,a93526cdd2b54a9d83230080a1e92b6a,4,,,
13,"{'is_active_ingredient': False, 'explanation': 'Compound 9 is mentioned in a list of chemical compounds, but there is no specific indication that it is an active ingredient.', 'category': 'chemical_compound'}","{'is_active_ingredient': False, 'explanation': 'The chemical formula of Compound 9 is provided, but there is no information in the context suggesting it is an active ingredient.', 'category': 'chemical_compound'}",compound 9,"(3,5-dibromo-4-hydroxy-phenyl)-(7-cyclopropyl-2,3-dihydro-pyrido[2,3-b][1,4]oxazin-1-yl)-methanone",hasFormula,a93526cdd2b54a9d83230080a1e92b6a,4,,,
14,"{'is_active_ingredient': False, 'explanation': 'Compound 10 is mentioned in a list of chemical compounds, but there is no specific indication that it is an active ingredient.', 'category': 'chemical_compound'}","{'is_active_ingredient': False, 'explanation': 'The chemical formula of Compound 10 is provided, but there is no information in the context suggesting it is an active ingredient.', 'category': 'chemical_compound'}",compound 10,"(3-chloro-4-hydroxy-phenyl)-(2,3-dihydro-pyrido[4,3-b][1,4]oxazin-4-yl)-methanone hydrobromic acid salt",hasFormula,a93526cdd2b54a9d83230080a1e92b6a,4,,,
15,"{'is_active_ingredient': False, 'explanation': 'Compound 11 is mentioned in a list of chemical compounds, but there is no specific indication that it is an active ingredient.', 'category': 'chemical_compound'}","{'is_active_ingredient': False, 'explanation': 'The chemical formula of Compound 11 is provided, but there is no information in the context suggesting it is an active ingredient.', 'category': 'chemical_compound'}",compound 11,"(3-bromo-4-hydroxy-phenyl)-(2,3-dihydro-pyrido[4,3-b][1,4]oxazin-4-yl)-methanone hydrobromic acid salt",hasFormula,a93526cdd2b54a9d83230080a1e92b6a,4,,,
16,"{'is_active_ingredient': False, 'explanation': 'Compound 12 is mentioned in a list of chemical compounds, but there is no specific indication that it is an active ingredient.', 'category': 'chemical_compound'}","{'is_active_ingredient': False, 'explanation': 'The chemical formula of Compound 12 is provided, but there is no information in the context suggesting it is an active ingredient.', 'category': 'chemical_compound'}",compound 12,"(2,3-dihydro-pyrido[4,3-b][1,4]oxazin-4-yl)-(4-hydroxy-3-trifluoromethyl-phenyl)-methanone",hasFormula,a93526cdd2b54a9d83230080a1e92b6a,4,,,
17,"{'is_active_ingredient': False, 'explanation': 'Compound 13 is mentioned in a list of chemical compounds, but there is no specific indication that it is an active ingredient.', 'category': 'chemical_compound'}","{'is_active_ingredient': False, 'explanation': 'The chemical formula of Compound 13 is provided, but there is no information in the context suggesting it is an active ingredient.', 'category': 'chemical_compound'}",compound 13,"(3,5-dichloro-4-hydroxy-phenyl)-(2,3-dihydro-pyrido[4,3-b][1,4]oxazin-4-yl)-methanone hydrobromic acid salt",hasFormula,a93526cdd2b54a9d83230080a1e92b6a,4,,,
18,"{'is_active_ingredient': True, 'explanation': 'Compound 12 is listed among a series of compounds likely being studied for their active properties.', 'category': 'chemical_compound'}","{'is_active_ingredient': False, 'explanation': 'The chemical formula represents the structure of compound 12.', 'category': 'chemical_compound'}",compound 12,"(3,5-dichloro-4-hydroxy-phenyl)-(2,3-dihydro-pyrido[4,3-b][1,4]oxazin-4-yl)-methanone",hasFormula,de806a7468d14fcda9ad674c75c41db6,4,,,
19,"{'is_active_ingredient': True, 'explanation': 'Compound 13 is listed among a series of compounds likely being studied for their active properties.', 'category': 'chemical_compound'}","{'is_active_ingredient': False, 'explanation': 'The chemical formula represents the structure of compound 13.', 'category': 'chemical_compound'}",compound 13,"(3-chloro-4-hydroxy-5-nitro-phenyl)-(2,3-dihydro-pyrido[4,3-b][1,4]oxazin-4-yl)-methanone",hasFormula,de806a7468d14fcda9ad674c75c41db6,4,,,
20,"{'is_active_ingredient': True, 'explanation': 'Compound 14 is listed among a series of compounds likely being studied for their active properties.', 'category': 'chemical_compound'}","{'is_active_ingredient': False, 'explanation': 'The chemical formula represents the structure of compound 14.', 'category': 'chemical_compound'}",compound 14,"(3,5-dichloro-4-hydroxy-phenyl)-(2,3-dihydro-pyrido[3,4-b][1,4]oxazin-1-yl)-methanone hydrobromic acid salt",hasFormula,de806a7468d14fcda9ad674c75c41db6,4,,,
21,"{'is_active_ingredient': True, 'explanation': 'Compound 15 is listed among a series of compounds likely being studied for their active properties.', 'category': 'chemical_compound'}","{'is_active_ingredient': False, 'explanation': 'The chemical formula represents the structure of compound 15.', 'category': 'chemical_compound'}",compound 15,"(3-bromo-4-hydroxy-phenyl)-(2,3-dihydro-pyrido[3,4-b][1,4]oxazin-1-yl)-methanone hydrobromic acid salt",hasFormula,de806a7468d14fcda9ad674c75c41db6,4,,,
22,"{'is_active_ingredient': True, 'explanation': 'Compound 16 is listed among a series of compounds likely being studied for their active properties.', 'category': 'chemical_compound'}","{'is_active_ingredient': False, 'explanation': 'The chemical formula represents the structure of compound 16.', 'category': 'chemical_compound'}",compound 16,"(3-chloro-4-hydroxy-5-nitro-phenyl)-(2,3-dihydro-pyrido[3,4-b][1,4]oxazin-1-yl)-methanone hydrobromic acid salt",hasFormula,de806a7468d14fcda9ad674c75c41db6,4,,,
23,"{'is_active_ingredient': True, 'explanation': 'Compound 17 is listed among a series of compounds likely being studied for their active properties.', 'category': 'chemical_compound'}","{'is_active_ingredient': False, 'explanation': 'The chemical formula represents the structure of compound 17.', 'category': 'chemical_compound'}",compound 17,"(3-chloro-4-hydroxy-phenyl)-(2,3-dihydro-pyrido[3,4-b][1,4]oxazin-1-yl)-methanone hydrobromic acid salt",hasFormula,de806a7468d14fcda9ad674c75c41db6,4,,,
24,"{'is_active_ingredient': True, 'explanation': 'Compound 18 is listed among a series of compounds likely being studied for their active properties.', 'category': 'chemical_compound'}","{'is_active_ingredient': False, 'explanation': 'The chemical formula represents the structure of compound 18.', 'category': 'chemical_compound'}",compound 18,"(2,3-dihydro-pyrido[3,4-b][1,4]oxazin-1-yl)-(4-hydroxy-3-trifluoromethyl-phenyl)-methanone",hasFormula,de806a7468d14fcda9ad674c75c41db6,4,,,
25,"{'is_active_ingredient': True, 'explanation': 'Compound 19 is listed among a series of compounds likely being studied for their active properties.', 'category': 'chemical_compound'}","{'is_active_ingredient': False, 'explanation': 'The chemical formula represents the structure of compound 19.', 'category': 'chemical_compound'}",compound 19,"(3,5-dibromo-4-hydroxy-phenyl)-(7-phenyl-2,3-dihydro-pyrido[2,3-b][1,4]oxazin-1-yl)-methanone",hasFormula,de806a7468d14fcda9ad674c75c41db6,4,,,
26,"{'is_active_ingredient': True, 'explanation': 'Compound 20 is listed among a series of compounds likely being studied for their active properties.', 'category': 'chemical_compound'}","{'is_active_ingredient': False, 'explanation': 'The chemical formula represents the structure of compound 20.', 'category': 'chemical_compound'}",compound 20,"2,6-dichloro-4-(2,3-dihydro-pyrido[4,3-b][1,4]oxazin-4-sulfonyl)-phenol",hasFormula,de806a7468d14fcda9ad674c75c41db6,4,,,
27,"{'is_active_ingredient': True, 'explanation': 'Compound 21 is listed among a series of compounds likely being studied for their active properties.', 'category': 'chemical_compound'}","{'is_active_ingredient': False, 'explanation': 'The chemical formula represents the structure of compound 21.', 'category': 'chemical_compound'}",compound 21,"(3,5-dibromo-4-methoxy-phenyl)-(7-trifluoromethyl-2,3-dihydro-pyrido[2,3-b][1,4]oxazin-1-yl)-methanone",hasFormula,de806a7468d14fcda9ad674c75c41db6,4,,,
28,"{'is_active_ingredient': True, 'explanation': 'Compound 22-1 is listed among a series of compounds likely being studied for their active properties.', 'category': 'chemical_compound'}","{'is_active_ingredient': False, 'explanation': 'The chemical formula represents the structure of compound 22-1.', 'category': 'chemical_compound'}",compound 22-1,"(3,5-dibromo-4-hydroxy-phenyl)-(7-trifluoromethyl-2,3-dihydro-pyrido[2,3-b][1,4]oxazin-1-yl)-methanone",hasFormula,de806a7468d14fcda9ad674c75c41db6,4,,,
29,"{'is_active_ingredient': True, 'explanation': 'Compound 22-2 is listed among a series of compounds likely being studied for their active properties.', 'category': 'chemical_compound'}","{'is_active_ingredient': False, 'explanation': 'The chemical formula represents the structure of compound 22-2.', 'category': 'chemical_compound'}",compound 22-2,"2,5-dibromo-4-(2,3-dihydro-pyrido[4,3-b][1,4]oxazin-4-carbonyl)-benzoic acid",hasFormula,de806a7468d14fcda9ad674c75c41db6,4,,,
30,"{'is_active_ingredient': True, 'explanation': 'Compound 23 is listed among a series of compounds likely being studied for their active properties.', 'category': 'chemical_compound'}","{'is_active_ingredient': False, 'explanation': 'The chemical formula represents the structure of compound 23.', 'category': 'chemical_compound'}",compound 23,"[2,6-dibromo-4-(2,3-dihydro-pyrido[4,3-b][1,4]oxazin-4-carbonyl)-phenoxy]-acetic acid methyl ester",hasFormula,de806a7468d14fcda9ad674c75c41db6,4,,,
31,"{'is_active_ingredient': True, 'explanation': 'Compound 24 is listed among a series of compounds likely being studied for their active properties.', 'category': 'chemical_compound'}","{'is_active_ingredient': False, 'explanation': 'The chemical formula represents the structure of compound 24.', 'category': 'chemical_compound'}",compound 24,"[2,6-dibromo-4-(2,3-dihydro-pyrido[4,3-b][1,4]oxazin-4-carbonyl)-phenoxy]-acetic acid methyl ester",hasFormula,de806a7468d14fcda9ad674c75c41db6,4,,,
32,"{'is_active_ingredient': False, 'explanation': 'Compound 23 is a part of a list of chemical compounds mentioned, but there is no context to suggest it is an active ingredient.', 'category': 'chemical_compound'}","{'is_active_ingredient': False, 'explanation': 'Compound 24 is a part of a list of chemical compounds mentioned, but there is no context to suggest it is an active ingredient.', 'category': 'chemical_compound'}",acid (compound 23),"[2,6-dibromo-4-(2,3-dihydro-pyrido[4,3-b][1,4]oxazin-4-carbonyl)-phenoxy]-acetic acid methyl ester (compound 24)",coOccursWith,3b1815663bea45ebbad269fab25e0b1c,4,,,
33,"{'is_active_ingredient': False, 'explanation': 'Compound 24 is a part of a list of chemical compounds mentioned, but there is no context to suggest it is an active ingredient.', 'category': 'chemical_compound'}","{'is_active_ingredient': False, 'explanation': 'Compound 25 is a part of a list of chemical compounds mentioned, but there is no context to suggest it is an active ingredient.', 'category': 'chemical_compound'}","[2,6-dibromo-4-(2,3-dihydro-pyrido[4,3-b][1,4]oxazin-4-carbonyl)-phenoxy]-acetic acid methyl ester (compound 24)","(7-bromo-2,3-dihydro-pyrido[2,3-b][1,4]oxazin-1-yl)-(3,5-dibromo-4-hydroxy-phenyl)-methanone (compound 25)",coOccursWith,3b1815663bea45ebbad269fab25e0b1c,4,,,
34,"{'is_active_ingredient': False, 'explanation': 'Compound 25 is a part of a list of chemical compounds mentioned, but there is no context to suggest it is an active ingredient.', 'category': 'chemical_compound'}","{'is_active_ingredient': False, 'explanation': 'Compound 26 is a part of a list of chemical compounds mentioned, but there is no context to suggest it is an active ingredient.', 'category': 'chemical_compound'}","(7-bromo-2,3-dihydro-pyrido[2,3-b][1,4]oxazin-1-yl)-(3,5-dibromo-4-hydroxy-phenyl)-methanone (compound 25)","(2,3-dihydro-pyrido[4,3-b][1,4]oxazin-4-yl)-(3-fluoro-4-hydroxy-phenyl)-methanone (compound 26)",coOccursWith,3b1815663bea45ebbad269fab25e0b1c,4,,,
35,"{'is_active_ingredient': False, 'explanation': 'Compound 26 is a part of a list of chemical compounds mentioned, but there is no context to suggest it is an active ingredient.', 'category': 'chemical_compound'}","{'is_active_ingredient': False, 'explanation': 'Compound 27-1 is a part of a list of chemical compounds mentioned, but there is no context to suggest it is an active ingredient.', 'category': 'chemical_compound'}","(2,3-dihydro-pyrido[4,3-b][1,4]oxazin-4-yl)-(3-fluoro-4-hydroxy-phenyl)-methanone (compound 26)","(3,5-dibromo-4-methoxy-phenyl)-(7-methyl-2,3-dihydro-pyrido[2,3-b][1,4]oxazin-1-yl)-methanone (compound 27-1)",coOccursWith,3b1815663bea45ebbad269fab25e0b1c,4,,,
36,"{'is_active_ingredient': False, 'explanation': 'Compound 27-1 is a part of a list of chemical compounds mentioned, but there is no context to suggest it is an active ingredient.', 'category': 'chemical_compound'}","{'is_active_ingredient': False, 'explanation': 'Compound 27-2 is a part of a list of chemical compounds mentioned, but there is no context to suggest it is an active ingredient.', 'category': 'chemical_compound'}","(3,5-dibromo-4-methoxy-phenyl)-(7-methyl-2,3-dihydro-pyrido[2,3-b][1,4]oxazin-1-yl)-methanone (compound 27-1)","(3,5-dibromo-4-hydroxy-phenyl)-(7-methyl-2,3-dihydro-pyrido[2,3-b][1,4]oxazin-1-yl)-methanone (compound 27-2)",coOccursWith,3b1815663bea45ebbad269fab25e0b1c,4,,,
37,"{'is_active_ingredient': False, 'explanation': 'Compound 27-2 is a part of a list of chemical compounds mentioned, but there is no context to suggest it is an active ingredient.', 'category': 'chemical_compound'}","{'is_active_ingredient': False, 'explanation': 'Compound 28 is a part of a list of chemical compounds mentioned, but there is no context to suggest it is an active ingredient.', 'category': 'chemical_compound'}","(3,5-dibromo-4-hydroxy-phenyl)-(7-methyl-2,3-dihydro-pyrido[2,3-b][1,4]oxazin-1-yl)-methanone (compound 27-2)","(3,5-difluoro-4-methoxy-phenyl)-(2,3-dihydro-pyrido[4,3-b][1,4]oxazin-4-yl)-methanone (compound 28)",coOccursWith,3b1815663bea45ebbad269fab25e0b1c,4,,,
38,"{'is_active_ingredient': False, 'explanation': 'Compound 28 is a part of a list of chemical compounds mentioned, but there is no context to suggest it is an active ingredient.', 'category': 'chemical_compound'}","{'is_active_ingredient': False, 'explanation': 'Compound 29 is a part of a list of chemical compounds mentioned, but there is no context to suggest it is an active ingredient.', 'category': 'chemical_compound'}","(3,5-difluoro-4-methoxy-phenyl)-(2,3-dihydro-pyrido[4,3-b][1,4]oxazin-4-yl)-methanone (compound 28)","(3,5-difluoro-4-hydroxy-phenyl)-(2,3-dihydro-pyrido[4,3-b][1,4]oxazin-4-yl)-methanone (compound 29)",coOccursWith,3b1815663bea45ebbad269fab25e0b1c,4,,,
39,"{'is_active_ingredient': False, 'explanation': 'Compound 29 is a part of a list of chemical compounds mentioned, but there is no context to suggest it is an active ingredient.', 'category': 'chemical_compound'}","{'is_active_ingredient': False, 'explanation': 'Compound 30 is a part of a list of chemical compounds mentioned, but there is no context to suggest it is an active ingredient.', 'category': 'chemical_compound'}","(3,5-difluoro-4-hydroxy-phenyl)-(2,3-dihydro-pyrido[4,3-b][1,4]oxazin-4-yl)-methanone (compound 29)","(5-chloro-2,3-dihydro-pyrido[4,3-b][1,4]oxazin-4-yl)-(3,5-dibromo-4-hydroxy-phenyl)-methanone (compound 30)",coOccursWith,3b1815663bea45ebbad269fab25e0b1c,4,,,
40,"{'is_active_ingredient': False, 'explanation': 'Compound 30 is a part of a list of chemical compounds mentioned, but there is no context to suggest it is an active ingredient.', 'category': 'chemical_compound'}","{'is_active_ingredient': False, 'explanation': 'Compound 31 is a part of a list of chemical compounds mentioned, but there is no context to suggest it is an active ingredient.', 'category': 'chemical_compound'}","(5-chloro-2,3-dihydro-pyrido[4,3-b][1,4]oxazin-4-yl)-(3,5-dibromo-4-hydroxy-phenyl)-methanone (compound 30)","(2,6-dichloro-pyridin-4-yl)-(2,3-dihydro-pyrido[4,3-b][1,4]oxazin-4-yl)-methanone (compound 31)",coOccursWith,3b1815663bea45ebbad269fab25e0b1c,4,,,
41,"{'is_active_ingredient': False, 'explanation': 'Compound 31 is a part of a list of chemical compounds mentioned, but there is no context to suggest it is an active ingredient.', 'category': 'chemical_compound'}","{'is_active_ingredient': False, 'explanation': 'Compound 32 is a part of a list of chemical compounds mentioned, but there is no context to suggest it is an active ingredient.', 'category': 'chemical_compound'}","(2,6-dichloro-pyridin-4-yl)-(2,3-dihydro-pyrido[4,3-b][1,4]oxazin-4-yl)-methanone (compound 31)","(2,3-dihydro-pyrido[4,3-b][1,4]oxazin-4-yl)-(6-hydroxy-pyridin-3-yl)-methanone (compound 32)",coOccursWith,3b1815663bea45ebbad269fab25e0b1c,4,,,
42,"{'is_active_ingredient': False, 'explanation': 'Compound 32 is a part of a list of chemical compounds mentioned, but there is no context to suggest it is an active ingredient.', 'category': 'chemical_compound'}","{'is_active_ingredient': False, 'explanation': 'Compound 33 is a part of a list of chemical compounds mentioned, but there is no context to suggest it is an active ingredient.', 'category': 'chemical_compound'}","(2,3-dihydro-pyrido[4,3-b][1,4]oxazin-4-yl)-(6-hydroxy-pyridin-3-yl)-methanone (compound 32)","(3,5-dibromo-4-hydroxy-phenyl)-(2,3-dihydro-pyrido[4,3-b][1,4]oxazin-4-yl)-methanone hydrochloric acid salt (compound 33)",coOccursWith,3b1815663bea45ebbad269fab25e0b1c,4,,,
43,"{'is_active_ingredient': False, 'explanation': 'Compound 33 is a part of a list of chemical compounds mentioned, but there is no context to suggest it is an active ingredient.', 'category': 'pharmaceutical_salt'}","{'is_active_ingredient': False, 'explanation': 'Compound 34 is a part of a list of chemical compounds mentioned, but there is no context to suggest it is an active ingredient.', 'category': 'chemical_compound'}","(3,5-dibromo-4-hydroxy-phenyl)-(2,3-dihydro-pyrido[4,3-b][1,4]oxazin-4-yl)-methanone hydrochloric acid salt (compound 33)","(3-chloro-4-hydroxy-phenyl)-(2,3-dihydro-pyrido[3,4-b][1,4]oxazin-1-yl)-methanone (compound 34)",coOccursWith,3b1815663bea45ebbad269fab25e0b1c,4,,,
44,"{'is_active_ingredient': False, 'explanation': 'Compound 34 is a part of a list of chemical compounds mentioned, but there is no context to suggest it is an active ingredient.', 'category': 'chemical_compound'}","{'is_active_ingredient': False, 'explanation': 'Compound 35-1 is a part of a list of chemical compounds mentioned, but there is no context to suggest it is an active ingredient.', 'category': 'chemical_compound'}","(3-chloro-4-hydroxy-phenyl)-(2,3-dihydro-pyrido[3,4-b][1,4]oxazin-1-yl)-methanone (compound 34)","4-(2,3-dihydro-pyrido[4,3-b][1,4]oxazin-4-sulfonyl)-phenol (compound 35-1)",coOccursWith,3b1815663bea45ebbad269fab25e0b1c,4,,,
45,"{'is_active_ingredient': False, 'explanation': 'Compound 35-1 is a part of a list of chemical compounds mentioned, but there is no context to suggest it is an active ingredient.', 'category': 'chemical_compound'}","{'is_active_ingredient': False, 'explanation': 'Compound 35-2 is a part of a list of chemical compounds mentioned, but there is no context to suggest it is an active ingredient.', 'category': 'chemical_compound'}","4-(2,3-dihydro-pyrido[4,3-b][1,4]oxazin-4-sulfonyl)-phenol (compound 35-1)","2,6-dibromo-4-(2,3-dihydro-pyrido[4,3-b][1,4]oxazin-4-sulfonyl)-phenol (compound 35-2)",coOccursWith,3b1815663bea45ebbad269fab25e0b1c,4,,,
46,"{'is_active_ingredient': False, 'explanation': 'The context does not suggest any biological or pharmacological activity.', 'category': 'chemical_compound'}","{'is_active_ingredient': False, 'explanation': 'The context does not suggest any biological or pharmacological activity.', 'category': 'chemical_compound'}",compound 35-1,"2,6-dibromo-4-(2,3-dihydro-pyrido[4,3-b][1,4]oxazin-4-sulfonyl)-phenol",hasFormula,992e1f8eb8934e888810505122916a1b,4,,,
47,"{'is_active_ingredient': False, 'explanation': 'No information about its active properties is provided.', 'category': 'chemical_compound'}","{'is_active_ingredient': False, 'explanation': 'No information about its active properties is provided.', 'category': 'chemical_compound'}",compound 35-2,"(3-chloro-4-hydroxy-5-nitro-phenyl)-(2,3-dihydro-pyrido[3,4-b][1,4]oxazin-1-yl)-methanone",hasFormula,992e1f8eb8934e888810505122916a1b,4,,,
48,"{'is_active_ingredient': False, 'explanation': 'There is no evidence of pharmacological activity.', 'category': 'chemical_compound'}","{'is_active_ingredient': False, 'explanation': 'There is no evidence of pharmacological activity.', 'category': 'chemical_compound'}",compound 36,"(3-chloro-4-hydroxy-phenyl)-(2,3-dihydro-pyrido[4,3-b][1,4]oxazin-4-yl)-methanone",hasFormula,992e1f8eb8934e888810505122916a1b,4,,,
49,"{'is_active_ingredient': False, 'explanation': 'Not indicated as pharmacologically active.', 'category': 'chemical_compound'}","{'is_active_ingredient': False, 'explanation': 'Not indicated as pharmacologically active.', 'category': 'chemical_compound'}",compound 37,"(3-bromo-4-hydroxy-phenyl)-(2,3-dihydro-pyrido[4,3-b][1,4]oxazin-4-yl)-methanone",hasFormula,992e1f8eb8934e888810505122916a1b,4,,,
50,"{'is_active_ingredient': False, 'explanation': 'No active ingredient properties are mentioned.', 'category': 'chemical_compound'}","{'is_active_ingredient': False, 'explanation': 'No active ingredient properties are mentioned.', 'category': 'chemical_compound'}",compound 38,"(3,5-dichloro-4-hydroxy-phenyl)-(2,3-dihydro-pyrido[4,3-b][1,4]oxazin-4-yl)-methanone",hasFormula,992e1f8eb8934e888810505122916a1b,4,,,
51,"{'is_active_ingredient': False, 'explanation': 'The compound is not described as active.', 'category': 'chemical_compound'}","{'is_active_ingredient': False, 'explanation': 'The compound is not described as active.', 'category': 'chemical_compound'}",compound 39,"(3-bromo-4-hydroxy-phenyl)-(2,3-dihydro-pyrido[3,4-b][1,4]oxazin-1-yl)-methanone",hasFormula,992e1f8eb8934e888810505122916a1b,4,,,
52,"{'is_active_ingredient': False, 'explanation': 'There is no context suggesting it is an active ingredient.', 'category': 'chemical_compound'}","{'is_active_ingredient': False, 'explanation': 'There is no context suggesting it is an active ingredient.', 'category': 'chemical_compound'}",compound 40,"(3,5-dichloro-4-hydroxy-phenyl)-(2,3-dihydro-pyrido[3,4-b][1,4]oxazin-1-yl)-methanone",hasFormula,992e1f8eb8934e888810505122916a1b,4,,,
53,"{'is_active_ingredient': False, 'explanation': 'The compound is not noted as having pharmacological activity.', 'category': 'chemical_compound'}","{'is_active_ingredient': False, 'explanation': 'The compound is not noted as having pharmacological activity.', 'category': 'chemical_compound'}",compound 41,"2-(3,5-dibromo-4-hydroxy-phenyl)-1-(2,3-dihydro-pyrido[4,3-b][1,4]oxazin-4-yl)-ethanone",hasFormula,992e1f8eb8934e888810505122916a1b,4,,,
54,"{'is_active_ingredient': False, 'explanation': 'No indication of active ingredient status is provided.', 'category': 'chemical_compound'}","{'is_active_ingredient': False, 'explanation': 'No indication of active ingredient status is provided.', 'category': 'chemical_compound'}",compound 42,"(2,3-dihydro-pyrido[4,3-b][1,4]oxazin-4-yl)-(3-methoxy-isoxazol-5-yl)-methanone",hasFormula,992e1f8eb8934e888810505122916a1b,4,,,
55,"{'is_active_ingredient': False, 'explanation': 'The compound does not have noted active properties.', 'category': 'chemical_compound'}","{'is_active_ingredient': False, 'explanation': 'The compound does not have noted active properties.', 'category': 'chemical_compound'}",compound 43,"(2,3-dihydro-pyrido[4,3-b][1,4]oxazin-4-yl)-(3-hydroxy-isoxazol-5-yl)-methanone",hasFormula,992e1f8eb8934e888810505122916a1b,4,,,
56,"{'is_active_ingredient': False, 'explanation': 'No context suggests it is an active ingredient.', 'category': 'chemical_compound'}","{'is_active_ingredient': False, 'explanation': 'No context suggests it is an active ingredient.', 'category': 'chemical_compound'}",compound 44,"(3,5-dibromo-4-hydroxy-phenyl)-[7-(4-trifluoromethyl-phenyl)-2,3-dihydro-pyrido[2,3-b][1,4]oxazin-1-yl]-methanone",hasFormula,992e1f8eb8934e888810505122916a1b,4,,,
57,"{'is_active_ingredient': False, 'explanation': 'No evidence suggesting it is an active ingredient.', 'category': 'chemical_compound'}","{'is_active_ingredient': False, 'explanation': 'No evidence suggesting it is an active ingredient.', 'category': 'chemical_compound'}",compound 45,"(3,5-dibromo-4-hydroxy-phenyl)-[7-(2-trifluoromethyl-phenyl)-2,3-dihydro-pyrido[2,3-b][1,4]oxazin-1-yl]-methanone",hasFormula,992e1f8eb8934e888810505122916a1b,4,,,
58,"{'is_active_ingredient': False, 'explanation': 'No pharmacological activity is mentioned.', 'category': 'chemical_compound'}","{'is_active_ingredient': False, 'explanation': 'No pharmacological activity is mentioned.', 'category': 'chemical_compound'}",compound 46,"1-(3,5-dibromo-4-methoxy-benzoyl)-2,3-dihydro-1h-pyrido[2,3-b][1,4]oxazin-7-carbonitrile",hasFormula,992e1f8eb8934e888810505122916a1b,4,,,
59,"{'is_active_ingredient': False, 'explanation': 'No context indicates it is an active ingredient.', 'category': 'chemical_compound'}","{'is_active_ingredient': False, 'explanation': 'No context indicates it is an active ingredient.', 'category': 'chemical_compound'}",compound 47-1,"1-(3,5-dibromo-4-hydroxy-benzoyl)-2,3-dihydro-1h-pyrido[2,3-b][1,4]oxazin-7-carbonitrile",hasFormula,992e1f8eb8934e888810505122916a1b,4,,,
60,"{'is_active_ingredient': False, 'explanation': '', 'category': 'chemical_compound'}","{'is_active_ingredient': False, 'explanation': '', 'category': 'chemical_compound'}",compound 47-1,"1-(3,5-dibromo-4-hydroxy-benzoyl)-2,3-dihydro-1h-pyrido[2,3-b][1,4]oxazin-7-carbonitrile (compound 47-2)",hasFormula,49c143768cc7409983755de06163ffd2,4,,,
61,"{'is_active_ingredient': False, 'explanation': '', 'category': 'chemical_compound'}","{'is_active_ingredient': False, 'explanation': '', 'category': 'chemical_compound'}",compound 48,"(3,5-dibromo-4-methoxy-phenyl)-[7-(3-nitro-phenyl)-2,3-dihydro-pyrido[2,3-b][1,4]oxazin-1-yl]-methanone",hasFormula,49c143768cc7409983755de06163ffd2,4,,,
62,"{'is_active_ingredient': False, 'explanation': '', 'category': 'chemical_compound'}","{'is_active_ingredient': False, 'explanation': '', 'category': 'chemical_compound'}",compound 49,"(3,5-dibromo-4-methoxy-phenyl)-[7-(3-nitro-phenyl)-2,3-dihydro-pyrido[2,3-b][1,4]oxazin-1-yl]-methanone",hasFormula,49c143768cc7409983755de06163ffd2,4,,,
63,"{'is_active_ingredient': False, 'explanation': '', 'category': 'chemical_compound'}","{'is_active_ingredient': False, 'explanation': '', 'category': 'chemical_compound'}",compound 50,"(3,5-dibromo-4-hydroxy-phenyl)-[7-(3-dimethylamino-phenyl)-2,3-dihydropyrido[2,3-b][1,4]oxazin-1-yl]-methanone",hasFormula,49c143768cc7409983755de06163ffd2,4,,,
64,"{'is_active_ingredient': False, 'explanation': '', 'category': 'chemical_compound'}","{'is_active_ingredient': False, 'explanation': '', 'category': 'chemical_compound'}",compound 51,"(3,5-dibromo-4-hydroxy-phenyl)-(2,3-dihydro-pyrido[4,3-b][1,4]oxazin-4-yl)-methanethione",hasFormula,49c143768cc7409983755de06163ffd2,4,,,
65,"{'is_active_ingredient': False, 'explanation': '', 'category': 'chemical_compound'}","{'is_active_ingredient': False, 'explanation': '', 'category': 'chemical_compound'}",compound 52,"(3,5-dibromo-4-hydroxy-phenyl)-(7-pyridin-3-yl-2,3-dihydro-pyrido[2,3-b][1,4]oxazin-1-yl]-methanone",hasFormula,49c143768cc7409983755de06163ffd2,4,,,
66,"{'is_active_ingredient': False, 'explanation': '', 'category': 'chemical_compound'}","{'is_active_ingredient': False, 'explanation': '', 'category': 'chemical_compound'}",compound 53,"(3,5-dibromo-4-hydroxy-phenyl)-(7-furan-3-yl-2,3-dihydro-pyrido[2,3-b][1,4]oxazin-1-yl]-methanone",hasFormula,49c143768cc7409983755de06163ffd2,4,,,
67,"{'is_active_ingredient': False, 'explanation': '', 'category': 'chemical_compound'}","{'is_active_ingredient': False, 'explanation': '', 'category': 'chemical_compound'}",compound 54,"1-(3,5-dibromo-4-hydroxy-phenyl)-2-(2,3-dihydro-pyrido[4,3-b][1,4]oxazin-4-yl)-ethanone",hasFormula,49c143768cc7409983755de06163ffd2,4,,,
68,"{'is_active_ingredient': False, 'explanation': '', 'category': 'chemical_compound'}","{'is_active_ingredient': False, 'explanation': '', 'category': 'chemical_compound'}",compound 55,"(3,5-dibromo-4-hydroxy-phenyl)-(2,3-dihydro-4-oxa-1,9-diaza-phenanthren-1-yl)-methanone",hasFormula,49c143768cc7409983755de06163ffd2,4,,,
69,"{'is_active_ingredient': False, 'explanation': '', 'category': 'chemical_compound'}","{'is_active_ingredient': False, 'explanation': '', 'category': 'chemical_compound'}",compound 56,"4-[2-(3,5-dibromo-4-hydroxy-phenyl)-2-oxo-ethyl)]-4h-pyrido[4,3-b][1,4]oxazin-3-one",hasFormula,49c143768cc7409983755de06163ffd2,4,,,
70,"{'is_active_ingredient': False, 'explanation': '', 'category': 'chemical_compound'}","{'is_active_ingredient': False, 'explanation': '', 'category': 'chemical_compound'}",compound 57,"4-(3,5-dibromo-4-methoxy-benzoyl)-4h-pyrido[4,3-b][1,4]oxazin-3-one",hasFormula,49c143768cc7409983755de06163ffd2,4,,,
71,"{'is_active_ingredient': False, 'explanation': '', 'category': 'chemical_compound'}","{'is_active_ingredient': False, 'explanation': '', 'category': 'chemical_compound'}",compound 58,"(3,5-dibromo-4-methoxy-phenyl)-(6-methyl-2,3-dihydro-pyrido[2,3-b][1,4]oxazin-1-yl)-methanone",hasFormula,49c143768cc7409983755de06163ffd2,4,,,
72,"{'is_active_ingredient': False, 'explanation': '', 'category': 'chemical_compound'}","{'is_active_ingredient': False, 'explanation': '', 'category': 'chemical_compound'}",compound 59,"(2,3-dihydro-pyrido[4,3-b][1,4]oxazin-4-yl)-(2,4-dihydroxy-pyrimidin-5-yl)-methanone",hasFormula,49c143768cc7409983755de06163ffd2,4,,,
73,"{'is_active_ingredient': True, 'explanation': 'Compound 58 is mentioned in the context as part of a list of compounds, implying its usage in chemical or pharmaceutical formulations.', 'category': 'chemical_compound'}","{'is_active_ingredient': False, 'explanation': 'Compound 58 has a specific chemical structure described as (2,3-dihydro-pyrido[4,3-b][1,4]oxazin-4-yl)-(2,4-dihydroxy-pyrimidin-5-yl)-methanone.', 'category': 'chemical_compound'}",compound 58,"(2,3-dihydro-pyrido[4,3-b][1,4]oxazin-4-yl)-(2,4-dihydroxy-pyrimidin-5-yl)-methanone",hasFormula,40e80f34721c4f79a5c286b67ca28555,4,,,
74,"{'is_active_ingredient': True, 'explanation': 'Compound 59 appears alongside other compounds in a context implying relevance to pharmaceutical applications.', 'category': 'chemical_compound'}","{'is_active_ingredient': False, 'explanation': 'Compound 59 is specified as (2,3-dihydro-pyrido[4,3-b][1,4]oxazin-4-yl)-(2,6-dihydroxy-pyrimidin-4-yl)-methanone.', 'category': 'chemical_compound'}",compound 59,"(2,3-dihydro-pyrido[4,3-b][1,4]oxazin-4-yl)-(2,6-dihydroxy-pyrimidin-4-yl)-methanone",hasFormula,40e80f34721c4f79a5c286b67ca28555,4,,,
75,"{'is_active_ingredient': True, 'explanation': 'Compound 60 is part of a series of compounds which suggests its role in chemical formulations.', 'category': 'chemical_compound'}","{'is_active_ingredient': False, 'explanation': 'Compound 60 is detailed as (3,5-dibromo-4-hydroxy-phenyl)-(7-isoquinolin-4-yl-2,3-dihydro-pyrido[2,3-b][1,4]oxazin-1-yl)-methanone.', 'category': 'chemical_compound'}",compound 60,"(3,5-dibromo-4-hydroxy-phenyl)-(7-isoquinolin-4-yl-2,3-dihydro-pyrido[2,3-b][1,4]oxazin-1-yl)-methanone",hasFormula,40e80f34721c4f79a5c286b67ca28555,4,,,
76,"{'is_active_ingredient': True, 'explanation': 'Compound 61 is mentioned amongst other compounds indicating its significance in a scientific context.', 'category': 'chemical_compound'}","{'is_active_ingredient': False, 'explanation': 'Compound 61 is given as (3,5-dibromo-4-hydroxy-phenyl)-(6,7-dihydro-pyrimido[4,5-b][1,4]oxazin-5-yl)-methanone.', 'category': 'chemical_compound'}",compound 61,"(3,5-dibromo-4-hydroxy-phenyl)-(6,7-dihydro-pyrimido[4,5-b][1,4]oxazin-5-yl)-methanone",hasFormula,40e80f34721c4f79a5c286b67ca28555,4,,,
77,"{'is_active_ingredient': True, 'explanation': 'Compound 62 is listed with others, implying its role in chemical or pharmaceutical research.', 'category': 'chemical_compound'}","{'is_active_ingredient': False, 'explanation': 'Compound 62 is specified as (3,5-dibromo-4-hydroxy-phenyl)-[7-(3-trifluoromethyl-phenyl)-2,3-dihydro-pyrido[2,3-b][1,4]oxazin-1-yl]-methanone.', 'category': 'chemical_compound'}",compound 62,"(3,5-dibromo-4-hydroxy-phenyl)-[7-(3-trifluoromethyl-phenyl)-2,3-dihydro-pyrido[2,3-b][1,4]oxazin-1-yl]-methanone",hasFormula,40e80f34721c4f79a5c286b67ca28555,4,,,
78,"{'is_active_ingredient': True, 'explanation': 'Compound 63 is included in a sequence of compounds, suggesting its importance in a scientific domain.', 'category': 'chemical_compound'}","{'is_active_ingredient': False, 'explanation': 'Compound 63 is described as (3,5-dibromo-4-hydroxy-phenyl)-[7-(3-fluoromethyl-phenyl)-2,3-dihydro-pyrido[2,3-b][1,4]oxazin-1-yl]-methanone.', 'category': 'chemical_compound'}",compound 63,"(3,5-dibromo-4-hydroxy-phenyl)-[7-(3-fluoromethyl-phenyl)-2,3-dihydro-pyrido[2,3-b][1,4]oxazin-1-yl]-methanone",hasFormula,40e80f34721c4f79a5c286b67ca28555,4,,,
79,"{'is_active_ingredient': True, 'explanation': 'Compound 64 is among the compounds listed, indicating its role in chemical applications.', 'category': 'chemical_compound'}","{'is_active_ingredient': False, 'explanation': 'Compound 64 is detailed as 4-[1-(3,5-dibromo-4-hydroxy-benzoyl)-2,3-dihydro-1H-pyrido[2,3-b][1,4]oxazin-7-yl]-benzonitrile.', 'category': 'chemical_compound'}",compound 64,"4-[1-(3,5-dibromo-4-hydroxy-benzoyl)-2,3-dihydro-1h-pyrido[2,3-b][1,4]oxazin-7-yl]-benzonitrile",hasFormula,40e80f34721c4f79a5c286b67ca28555,4,,,
80,"{'is_active_ingredient': True, 'explanation': 'Compound 65 is presented in a context suggesting its use in scientific or pharmaceutical settings.', 'category': 'chemical_compound'}","{'is_active_ingredient': False, 'explanation': 'Compound 65 is defined as (3,5-dibromo-4-hydroxy-phenyl)-[7-(4-trifluoromethoxy-phenyl)-2,3-dihydro-pyrido[2,3-b][1,4]oxazin-1-yl]-methanone.', 'category': 'chemical_compound'}",compound 65,"(3,5-dibromo-4-hydroxy-phenyl)-[7-(4-trifluoromethoxy-phenyl)-2,3-dihydro-pyrido[2,3-b][1,4]oxazin-1-yl]-methanone",hasFormula,40e80f34721c4f79a5c286b67ca28555,4,,,
81,"{'is_active_ingredient': True, 'explanation': 'Compound 66 is listed in a sequence of compounds indicating its importance in research contexts.', 'category': 'chemical_compound'}","{'is_active_ingredient': False, 'explanation': 'Compound 66 is represented as 1- {4-[1-(3,5-dibromo-4-hydroxy-benzoyl)-2,3-dihydro-1H-pyrido[2,3-b][1,4]oxazin-7-yl]-phenyl}-ethanone.', 'category': 'chemical_compound'}",compound 66,"1- {4-[1-(3,5-dibromo-4-hydroxy-benzoyl)-2,3-dihydro-1h-pyrido[2,3-b][1,4]oxazin-7-yl]-phenyl}-ethanone",hasFormula,40e80f34721c4f79a5c286b67ca28555,4,,,
82,"{'is_active_ingredient': True, 'explanation': 'Compound 67 is part of a series of compounds suggesting its role in chemical research or applications.', 'category': 'chemical_compound'}","{'is_active_ingredient': False, 'explanation': 'Compound 67 is expressed as (3,5-dibromo-4-hydroxy-phenyl)-[7-(5-methoxy-pyridin-3-yl)-2,3-dihydro-pyrido[2,3-b][1,4]oxazin-1-yl]-methanone.', 'category': 'chemical_compound'}",compound 67,"(3,5-dibromo-4-hydroxy-phenyl)-[7-(5-methoxy-pyridin-3-yl)-2,3-dihydro-pyrido[2,3-b][1,4]oxazin-1-yl]-methanone",hasFormula,40e80f34721c4f79a5c286b67ca28555,4,,,
83,"{'is_active_ingredient': True, 'explanation': 'Compound 68 is listed with other compounds, indicating its significance in a scientific or pharmaceutical context.', 'category': 'chemical_compound'}","{'is_active_ingredient': False, 'explanation': 'Compound 68 is depicted as (4-hydroxy-3-trifluoromethyl-phenyl)-(7-methyl-2,3-dihydro-pyrido[2,3-b][1,4]oxazin-1-yl)-methanone.', 'category': 'chemical_compound'}",compound 68,"(4-hydroxy-3-trifluoromethyl-phenyl)-(7-methyl-2,3-dihydro-pyrido[2,3-b][1,4]oxazin-1-yl)-methanone",hasFormula,40e80f34721c4f79a5c286b67ca28555,4,,,
84,"{'is_active_ingredient': True, 'explanation': 'Compound 69 is presented in a list of compounds, suggesting its role in chemical or pharmaceutical research.', 'category': 'chemical_compound'}","{'is_active_ingredient': False, 'explanation': 'Compound 69 is specified as (3,5-dibromo-4-hydroxy-phenyl)-[7-(1H-indol-4-yl)-2,3-dihydro-pyrido[2,3-b][1,4]oxazin-1-yl]-methanone.', 'category': 'chemical_compound'}",compound 69,"(3,5-dibromo-4-hydroxy-phenyl)-[7-(1h-indol-4-yl)-2,3-dihydro-pyrido[2,3-b][1,4]oxazin-1-yl]-methanone",hasFormula,40e80f34721c4f79a5c286b67ca28555,4,,,
85,"{'is_active_ingredient': True, 'explanation': 'Compound 70 is part of a series, indicating its relevance in chemical or scientific studies.', 'category': 'chemical_compound'}","{'is_active_ingredient': False, 'explanation': 'Compound 70 is represented as (3,5-dibromo-4-hydroxy-phenyl)-(2,3-dihydro-pyrido[4,3-b][1,4]oxazin-4-yl)-methanone.', 'category': 'chemical_compound'}",compound 70,"(3,5-dibromo-4-hydroxy-phenyl)-(2,3-dihydro-pyrido[4,3-b][1,4]oxazin-4-yl)-methanone",hasFormula,40e80f34721c4f79a5c286b67ca28555,4,,,
86,"{'is_active_ingredient': False, 'explanation': 'The text does not specify if compound 70 is the active ingredient, and it is not indicated as such.', 'category': 'chemical_compound'}","{'is_active_ingredient': True, 'explanation': 'As a detailed chemical compound, (3,5-dibromo-4-hydroxy-phenyl)-(2,3-dihydro-pyrido[4,3-b][1,4]oxazin-4-yl)-methanone is likely to be an active ingredient because it is combined with sulfuric acid salt.', 'category': 'active_ingredient'}",compound 70,"(3,5-dibromo-4-hydroxy-phenyl)-(2,3-dihydro-pyrido[4,3-b][1,4]oxazin-4-yl)-methanone (compound 71)",hasFormula,1114f981435143fca5dc07a183951931,4,,,
87,"{'is_active_ingredient': True, 'explanation': 'This compound is specified with sodium salt, suggesting it could be used as an active ingredient.', 'category': 'active_ingredient'}","{'is_active_ingredient': False, 'explanation': 'The text does not specify if compound 72 is the active ingredient, and it is not indicated as such.', 'category': 'chemical_compound'}","(2,6-dibromo-4-(2,3-dihydro-pyrido[4,3-b][1,4]oxazin-4-carbonyl)-phenolate sodium salt (compound 72)",compound 72,hasFormula,1114f981435143fca5dc07a183951931,4,,,
88,"{'is_active_ingredient': True, 'explanation': 'As a compound with a specified potassium salt form, it is likely an active ingredient.', 'category': 'active_ingredient'}","{'is_active_ingredient': False, 'explanation': 'The text does not specify if compound 73 is the active ingredient, and it is not indicated as such.', 'category': 'chemical_compound'}","(2,6-dibromo-4-(2,3-dihydro-pyrido[4,3-b][1,4]oxazin-4-carbonyl)-phenolate potassium salt (compound 73)",compound 73,hasFormula,1114f981435143fca5dc07a183951931,4,,,
89,"{'is_active_ingredient': True, 'explanation': 'This detailed chemical compound with trifluoroacetic acid salt suggests it could be an active ingredient.', 'category': 'active_ingredient'}","{'is_active_ingredient': False, 'explanation': 'The text does not specify if compound 74 is the active ingredient, and it is not indicated as such.', 'category': 'chemical_compound'}","(3,5-dibromo-4-hydroxy-phenyl)-(2,3-dihydro-pyrido[4,3-b][1,4]oxazin-4-yl)-methanethione trifluoroacetic acid salt (compound 74)",compound 74,hasFormula,1114f981435143fca5dc07a183951931,4,,,
90,"{'is_active_ingredient': True, 'explanation': 'This compound is specified in detail and likely serves as an active ingredient due to its complex structure and potential pharmaceutical use.', 'category': 'active_ingredient'}","{'is_active_ingredient': False, 'explanation': 'The text does not specify if compound 75 is the active ingredient, and it is not indicated as such.', 'category': 'chemical_compound'}","1-[1-(3,5-dibromo-4-hydroxy-benzoyl)-2,3-dihydro-1h-pyrido[2,3-b][1,4]oxazin-7-yl]-pyrrolidin-2-one (compound 75)",compound 75,hasFormula,1114f981435143fca5dc07a183951931,4,,,